{
    "0": 0.73555,
    "1": 0.77055,
    "2": 0.8054833333333333,
    "3": 0.7773666666666667,
    "4": 0.81975,
    "5": 0.8038666666666666,
    "6": 0.7681833333333333,
    "7": 0.8022,
    "8": 0.7686833333333334,
    "9": 0.7762
}