{"test_loss": 0.2688743309084828, "test_accuracy": 93.18888888888888}