{"test_loss": 0.278269933549859, "test_accuracy": 91.73333333333333}